{"inputUnits":[34],"outputUnits":2,"inputs":{"0":{"dtype":"number","min":400.1425216072484,"max":424.66839238217},"1":{"dtype":"number","min":-8.550193435267403,"max":195.70564387137426},"2":{"dtype":"number","min":417.4278924339696,"max":438.98905536584687},"3":{"dtype":"number","min":-18.493565341882544,"max":178.5026341153864},"4":{"dtype":"number","min":385.3780068849262,"max":406.8106299952457},"5":{"dtype":"number","min":-17.678490019681163,"max":180.1426151342559},"6":{"dtype":"number","min":437.95151543198966,"max":460.063500153391},"7":{"dtype":"number","min":-8.37015530519318,"max":189.80269808518256},"8":{"dtype":"number","min":364.165152792345,"max":384.0452604126512},"9":{"dtype":"number","min":-1.9428069131416237,"max":193.39303886681273},"10":{"dtype":"number","min":483.2781820966486,"max":504.4062027282882},"11":{"dtype":"number","min":96.5355818731743,"max":266.9698025050916},"12":{"dtype":"number","min":338.7630747075666,"max":354.4300899170992},"13":{"dtype":"number","min":98.72196013467351,"max":269.1493615769503},"14":{"dtype":"number","min":510.48041268398885,"max":539.1192478046082},"15":{"dtype":"number","min":199.39857449447896,"max":383.95270950961526},"16":{"dtype":"number","min":305.6403998743024,"max":343.6688088534171},"17":{"dtype":"number","min":192.78347157595448,"max":401.05272259628566},"18":{"dtype":"number","min":509.1358611458226,"max":558.9537971898129},"19":{"dtype":"number","min":287.315054943687,"max":482.8233685409813},"20":{"dtype":"number","min":293.56336342661,"max":462.5830215320252},"21":{"dtype":"number","min":218.04819358022587,"max":500.3526152225962},"22":{"dtype":"number","min":454.58642599875463,"max":469.0750632369727},"23":{"dtype":"number","min":311.9502418919613,"max":420.04611701296085},"24":{"dtype":"number","min":359.4605387302867,"max":385.56692642078065},"25":{"dtype":"number","min":313.4854115937885,"max":426.64046622159185},"26":{"dtype":"number","min":459.75032856589866,"max":476.7760426590317},"27":{"dtype":"number","min":479.88500762404055,"max":526.4310437336302},"28":{"dtype":"number","min":369.6244674816466,"max":385.4740887357477},"29":{"dtype":"number","min":480.0633263169673,"max":532.2969804730332},"30":{"dtype":"number","min":443.46577451940163,"max":474.0806805460076},"31":{"dtype":"number","min":628.8474978062144,"max":661.8705492270619},"32":{"dtype":"number","min":369.02992390749745,"max":383.1799699549089},"33":{"dtype":"number","min":634.9970269621464,"max":669.5011916913484}},"outputs":{"0":{"dtype":"string","min":0,"max":1,"uniqueValues":["1","2"],"legend":{"1":[1,0],"2":[0,1]}}},"isNormalized":true}