{"inputUnits":[34],"outputUnits":2,"inputs":{"0":{"dtype":"number","min":274.1526055754277,"max":792.6431609873185},"1":{"dtype":"number","min":-42.157399863527544,"max":571.5455515342846},"2":{"dtype":"number","min":284.46848225175285,"max":799.5950054704097},"3":{"dtype":"number","min":-64.70521772116946,"max":558.7229076184724},"4":{"dtype":"number","min":240.92208042479396,"max":785.6756562987963},"5":{"dtype":"number","min":-64.0630348732597,"max":551.6028419137001},"6":{"dtype":"number","min":305.9282447162427,"max":808.4040788182041},"7":{"dtype":"number","min":-78.27929446571753,"max":563.9308837422153},"8":{"dtype":"number","min":211.11098590650056,"max":770.9100915674577},"9":{"dtype":"number","min":-46.98507493002373,"max":547.7278433348002},"10":{"dtype":"number","min":333.53034508855717,"max":802.9505219375877},"11":{"dtype":"number","min":20.299530238435977,"max":667.1307005380329},"12":{"dtype":"number","min":231.01111922347752,"max":788.3765235281827},"13":{"dtype":"number","min":-10.418458204520391,"max":603.7498394648234},"14":{"dtype":"number","min":228.90189321417557,"max":783.178827218842},"15":{"dtype":"number","min":122.71659750687445,"max":743.0040234013608},"16":{"dtype":"number","min":184.36803315815172,"max":768.575194007472},"17":{"dtype":"number","min":158.7245405766002,"max":666.4648191970691},"18":{"dtype":"number","min":230.6543241467392,"max":706.9765760187516},"19":{"dtype":"number","min":139.8442034135785,"max":716.866596121537},"20":{"dtype":"number","min":232.3844499755324,"max":762.1178572637992},"21":{"dtype":"number","min":261.8228142721611,"max":674.2071728957326},"22":{"dtype":"number","min":312.7817484370449,"max":754.9376993848566},"23":{"dtype":"number","min":223.7241008825469,"max":712.8445876272101},"24":{"dtype":"number","min":272.76180836192344,"max":760.1148770566572},"25":{"dtype":"number","min":179.72560012549684,"max":711.3912891923335},"26":{"dtype":"number","min":308.79781014171607,"max":729.8461363307739},"27":{"dtype":"number","min":364.84022642436776,"max":710.3381248942592},"28":{"dtype":"number","min":281.11733757612996,"max":754.7771382750126},"29":{"dtype":"number","min":352.5477940576118,"max":711.4338749333432},"30":{"dtype":"number","min":294.01372022796096,"max":723.1041891533032},"31":{"dtype":"number","min":408.55838771451977,"max":744.4982687632242},"32":{"dtype":"number","min":291.586859184399,"max":752.5010594150476},"33":{"dtype":"number","min":355.483035037392,"max":743.5493477603845}},"outputs":{"0":{"dtype":"string","min":0,"max":1,"uniqueValues":["1","2"],"legend":{"1":[1,0],"2":[0,1]}}},"isNormalized":true}