{"inputUnits":[34],"outputUnits":2,"inputs":{"0":{"dtype":"number","min":406.08846095570345,"max":453.66192282291877},"1":{"dtype":"number","min":145.40134563780668,"max":334.78054331060036},"2":{"dtype":"number","min":421.6439222557503,"max":506.3057520933318},"3":{"dtype":"number","min":111.91050880833677,"max":284.9768571686326},"4":{"dtype":"number","min":386.96826466342856,"max":405.39675009878056},"5":{"dtype":"number","min":115.36341633713033,"max":285.9097280000385},"6":{"dtype":"number","min":445.18541244038363,"max":565.0106241828516},"7":{"dtype":"number","min":127.86610712084854,"max":265.2583377403125},"8":{"dtype":"number","min":338.3062860421967,"max":384.5915392825478},"9":{"dtype":"number","min":133.62503700089036,"max":264.3180161191706},"10":{"dtype":"number","min":482.56291213788484,"max":616.09849595187},"11":{"dtype":"number","min":226.35308650501986,"max":384.1193600704795},"12":{"dtype":"number","min":264.3268819440875,"max":356.45598612333595},"13":{"dtype":"number","min":224.82770451328207,"max":346.26169037400626},"14":{"dtype":"number","min":507.00139497455797,"max":756.2463743644847},"15":{"dtype":"number","min":267.7458198446976,"max":551.1073447110359},"16":{"dtype":"number","min":104.95338439941406,"max":312.0138797843665},"17":{"dtype":"number","min":273.65375318025286,"max":501.40717280538456},"18":{"dtype":"number","min":463.3798507221958,"max":759.815165871068},"19":{"dtype":"number","min":316.483063446848,"max":568.5321356120862},"20":{"dtype":"number","min":46.57823077419348,"max":314.60827233498554},"21":{"dtype":"number","min":328.4768146381043,"max":595.4718288622404},"22":{"dtype":"number","min":450.99219021044274,"max":604.6321751778586},"23":{"dtype":"number","min":368.65251608062204,"max":638.2638178373637},"24":{"dtype":"number","min":277.31854330029404,"max":387.3266437597442},"25":{"dtype":"number","min":379.99949936281166,"max":660.1309479328623},"26":{"dtype":"number","min":471.078552279556,"max":583.2955778690806},"27":{"dtype":"number","min":315.5722300211588,"max":709.3511974602415},"28":{"dtype":"number","min":248.16112643794008,"max":372.1215206280089},"29":{"dtype":"number","min":340.7435333519651,"max":712.3098038790519},"30":{"dtype":"number","min":456.82408851489686,"max":581.6046480546918},"31":{"dtype":"number","min":491.6900266680801,"max":746.7767558599772},"32":{"dtype":"number","min":250.44346692269306,"max":390.46710185837327},"33":{"dtype":"number","min":523.164817743134,"max":749.5695839848435}},"outputs":{"0":{"dtype":"string","min":0,"max":1,"uniqueValues":["1","2"],"legend":{"1":[1,0],"2":[0,1]}}},"isNormalized":true}